<metadata xml:lang="es"><Esri><CreaDate>20210129</CreaDate><CreaTime>15261100</CreaTime><ArcGISFormat>1.0</ArcGISFormat><ArcGISstyle>North American Profile of ISO19115 2003</ArcGISstyle><SyncOnce>FALSE</SyncOnce><DataProperties><lineage><Process ToolSource="c:\program files (x86)\arcgis\desktop10.5\ArcToolbox\Toolboxes\Data Management Tools.tbx\CalculateField" Date="20210129" Time="144157" Name="" export="">CalculateField Join_Output_21 Zona_1 [Zona_2] VB #</Process><Process ToolSource="c:\program files (x86)\arcgis\desktop10.5\ArcToolbox\Toolboxes\Data Management Tools.tbx\CalculateField" Date="20210129" Time="144418" Name="" export="">CalculateField Join_Output_21 Cotiz [Cotizacion] VB #</Process><Process ToolSource="c:\program files (x86)\arcgis\desktop10.5\ArcToolbox\Toolboxes\Data Management Tools.tbx\CalculateField" Date="20210129" Time="144538" Name="" export="">CalculateField Join_Output_21 PrecioUsd "[MontoOpera] " VB #</Process><Process ToolSource="c:\program files (x86)\arcgis\desktop10.5\ArcToolbox\Toolboxes\Data Management Tools.tbx\CalculateField" Date="20210129" Time="144607" Name="" export="">CalculateField Join_Output_21 PrecioPeso [Monto_en_P] VB #</Process><Process ToolSource="c:\program files (x86)\arcgis\desktop10.5\ArcToolbox\Toolboxes\Data Management Tools.tbx\CalculateField" Date="20210129" Time="144728" Name="" export="">CalculateField Join_Output_21 UsdPorM2 [Dolares_po] VB #</Process><Process ToolSource="c:\program files (x86)\arcgis\desktop10.5\ArcToolbox\Toolboxes\Data Management Tools.tbx\CalculateField" Date="20210129" Time="144757" Name="" export="">CalculateField Join_Output_21 PesosPorM2 [Pesos_Por] VB #</Process><Process ToolSource="c:\program files (x86)\arcgis\desktop10.5\ArcToolbox\Toolboxes\Data Management Tools.tbx\CalculateField" Date="20210129" Time="144911" Name="" export="">CalculateField Join_Output_21 ANTIG "[Antiguedad] " VB #</Process><Process ToolSource="c:\program files (x86)\arcgis\desktop10.5\ArcToolbox\Toolboxes\Data Management Tools.tbx\CalculateField" Date="20210129" Time="145241" Name="" export="">CalculateField Join_Output_21 AMBIENTE "[CantidadDo] +1" VB #</Process><Process ToolSource="c:\program files (x86)\arcgis\desktop10.5\ArcToolbox\Toolboxes\Data Management Tools.tbx\CalculateField" Date="20210129" Time="145339" Name="" export="">CalculateField Join_Output_21 DORMITORIO [CantidadDo] VB #</Process><Process ToolSource="c:\program files (x86)\arcgis\desktop10.5\ArcToolbox\Toolboxes\Data Management Tools.tbx\Merge" Date="20210129" Time="145858" Name="" export="">Merge Join_Output_21;Deptos_Vta_MayJun_2020_v5_Pr2 C:\Users\Usuario\Documents\ArcGIS\Default.gdb\Join_Output_21_Merge "FID_1 "FID_1" true true false 10 Long 0 10 ,First,#,Join_Output_21,FID_1,-1,-1,Deptos_Vta_MayJun_2020_v5_Pr2,FID_1,-1,-1;OBJECTID "OBJECTID" true true false 10 Long 0 10 ,First,#,Join_Output_21,OBJECTID,-1,-1,Deptos_Vta_MayJun_2020_v5_Pr2,OBJECTID,-1,-1;FechaPubli "FechaPubli" true true false 8 Date 0 0 ,First,#,Join_Output_21,FechaPubli,-1,-1,Deptos_Vta_MayJun_2020_v5_Pr2,FechaPubli,-1,-1;Calle "Calle" true true false 254 Text 0 0 ,First,#,Join_Output_21,Calle,-1,-1,Deptos_Vta_MayJun_2020_v5_Pr2,Calle,-1,-1;Numero "Numero" true true false 10 Long 0 10 ,First,#,Join_Output_21,Numero,-1,-1,Deptos_Vta_MayJun_2020_v5_Pr2,Numero,-1,-1;Piso "Piso" true true false 10 Long 0 10 ,First,#,Join_Output_21,Piso,-1,-1,Deptos_Vta_MayJun_2020_v5_Pr2,Piso,-1,-1;Departamen "Departamen" true true false 254 Text 0 0 ,First,#,Join_Output_21,Departamen,-1,-1,Deptos_Vta_MayJun_2020_v5_Pr2,Departamen,-1,-1;Latitud "Latitud" true true false 19 Double 0 0 ,First,#,Join_Output_21,Latitud,-1,-1,Deptos_Vta_MayJun_2020_v5_Pr2,Latitud,-1,-1;Longitud "Longitud" true true false 19 Double 0 0 ,First,#,Join_Output_21,Longitud,-1,-1,Deptos_Vta_MayJun_2020_v5_Pr2,Longitud,-1,-1;PropiedadS "PropiedadS" true true false 19 Double 0 0 ,First,#,Join_Output_21,PropiedadS,-1,-1,Deptos_Vta_MayJun_2020_v5_Pr2,PropiedadS,-1,-1;FID_2 "FID_2" true true false 10 Long 0 10 ,First,#,Join_Output_21,FID_2,-1,-1,Deptos_Vta_MayJun_2020_v5_Pr2,FID_2,-1,-1;BARRIOS "BARRIOS" true true false 18 Text 0 0 ,First,#,Join_Output_21,BARRIOS,-1,-1,Deptos_Vta_MayJun_2020_v5_Pr2,BARRIOS,-1,-1;COMUNA "COMUNA" true true false 10 Long 0 10 ,First,#,Join_Output_21,COMUNA,-1,-1,Deptos_Vta_MayJun_2020_v5_Pr2,COMUNA,-1,-1;ZONA "ZONA" true true false 50 Text 0 0 ,First,#,Join_Output_21,ZONA,-1,-1,Deptos_Vta_MayJun_2020_v5_Pr2,ZONA,-1,-1;ALICUOTA "ALICUOTA" true true false 19 Double 0 0 ,First,#,Join_Output_21,ALICUOTA,-1,-1,Deptos_Vta_MayJun_2020_v5_Pr2,ALICUOTA,-1,-1;FID_3 "FID_3" true true false 10 Long 0 10 ,First,#,Join_Output_21,FID_3,-1,-1,Deptos_Vta_MayJun_2020_v5_Pr2,FID_3,-1,-1;Shape_Leng "Shape_Leng" true true false 19 Double 0 0 ,First,#,Join_Output_21,Shape_Leng,-1,-1,Deptos_Vta_MayJun_2020_v5_Pr2,Shape_Leng,-1,-1;Shape_Area "Shape_Area" true true false 19 Double 0 0 ,First,#,Join_Output_21,Shape_Area,-1,-1;Zona_1 "Zona_1" true true false 50 Text 0 0 ,First,#,Join_Output_21,Zona_1,-1,-1,Deptos_Vta_MayJun_2020_v5_Pr2,Zona_1,-1,-1;Cotiz "Cotiz" true true false 19 Double 0 0 ,First,#,Join_Output_21,Cotiz,-1,-1,Deptos_Vta_MayJun_2020_v5_Pr2,Cotiz,-1,-1;PrecioUsd "PrecioUsd" true true false 19 Double 0 0 ,First,#,Join_Output_21,PrecioUsd,-1,-1,Deptos_Vta_MayJun_2020_v5_Pr2,PrecioUsd,-1,-1;PrecioPeso "PrecioPeso" true true false 19 Double 0 0 ,First,#,Join_Output_21,PrecioPeso,-1,-1,Deptos_Vta_MayJun_2020_v5_Pr2,PrecioPeso,-1,-1;UsdPorM2 "UsdPorM2" true true false 19 Double 0 0 ,First,#,Join_Output_21,UsdPorM2,-1,-1,Deptos_Vta_MayJun_2020_v5_Pr2,UsdPorM2,-1,-1;PesosPorM2 "PesosPorM2" true true false 19 Double 0 0 ,First,#,Join_Output_21,PesosPorM2,-1,-1,Deptos_Vta_MayJun_2020_v5_Pr2,PesosPorM2,-1,-1;ANTIG "ANTIG" true true false 50 Text 0 0 ,First,#,Join_Output_21,ANTIG,-1,-1,Deptos_Vta_MayJun_2020_v5_Pr2,ANTIG,-1,-1;AMBIENTE "AMBIENTE" true true false 19 Double 0 0 ,First,#,Join_Output_21,AMBIENTE,-1,-1,Deptos_Vta_MayJun_2020_v5_Pr2,AMBIENTE,-1,-1;DORMITORIO "DORMITORIO" true true false 19 Double 0 0 ,First,#,Join_Output_21,DORMITORIO,-1,-1,Deptos_Vta_MayJun_2020_v5_Pr2,DORMITORIO,-1,-1;Mes "Mes" true true false 254 Text 0 0 ,First,#,Deptos_Vta_MayJun_2020_v5_Pr2,Mes,-1,-1"</Process><Process ToolSource="c:\program files (x86)\arcgis\desktop10.5\ArcToolbox\Toolboxes\Data Management Tools.tbx\CalculateField" Date="20210129" Time="150330" Name="" export="">CalculateField 210129_Depto_Vta_2°Trimestre_2020 Calles [Calle] VB #</Process><Process ToolSource="c:\program files (x86)\arcgis\desktop10.5\ArcToolbox\Toolboxes\Data Management Tools.tbx\CalculateField" Date="20210129" Time="150556" Name="" export="">CalculateField 210129_Depto_Vta_2°Trimestre_2020 AMBIENTES [AMBIENTE] VB #</Process><Process ToolSource="c:\program files (x86)\arcgis\desktop10.5\ArcToolbox\Toolboxes\Data Management Tools.tbx\CalculateField" Date="20210129" Time="150731" Name="" export="">CalculateField 210129_Depto_Vta_2°Trimestre_2020 pi "[Piso] " VB #</Process><Process ToolSource="c:\program files (x86)\arcgis\desktop10.5\ArcToolbox\Toolboxes\Data Management Tools.tbx\CalculateField" Date="20210129" Time="150928" Name="" export="">CalculateField 210129_Depto_Vta_2°Trimestre_2020 Piso "[pi] " VB #</Process><Process ToolSource="c:\program files (x86)\arcgis\desktop10.5\ArcToolbox\Toolboxes\Data Management Tools.tbx\CalculateField" Date="20210129" Time="151046" Name="" export="">CalculateField 210129_Depto_Vta_2°Trimestre_2020 do [DORMITORIO] VB #</Process><Process ToolSource="c:\program files (x86)\arcgis\desktop10.5\ArcToolbox\Toolboxes\Data Management Tools.tbx\CalculateField" Date="20210129" Time="151214" Name="" export="">CalculateField 210129_Depto_Vta_2°Trimestre_2020 DORMITORIO [do] VB #</Process><Process ToolSource="c:\program files (x86)\arcgis\desktop10.5\ArcToolbox\Toolboxes\Data Management Tools.tbx\CalculateField" Date="20210129" Time="151329" Name="" export="">CalculateField 210129_Depto_Vta_2°Trimestre_2020 Trimestre "SEGUNDO" VB #</Process><Process ToolSource="c:\program files (x86)\arcgis\desktop10.5\ArcToolbox\Toolboxes\Data Management Tools.tbx\Merge" Date="20210129" Time="151556" Name="" export="">Merge 210129_Depto_Vta_2°Trimestre_2020;210129_Depto_Vta_1°trimestre_2020;200110_deptos_vta_3trimestre_v3;deptos_vta_4°trimestre_2020_vFinal C:\Users\Usuario\Documents\ArcGIS\Default.gdb\c210129_Depto_Vta_2°Trimestr "OBJECTID_1 "OBJECTID_1" true true false 10 Long 0 10 ,First,#,210129_Depto_Vta_2°Trimestre_2020,OBJECTID_1,-1,-1;FID_1 "FID_1" true true false 10 Long 0 10 ,First,#,210129_Depto_Vta_2°Trimestre_2020,FID_1,-1,-1,200110_deptos_vta_3trimestre_v3,FID_1,-1,-1,deptos_vta_4°trimestre_2020_vFinal,FID_1,-1,-1;OBJECTID "OBJECTID" true true false 10 Long 0 10 ,First,#,210129_Depto_Vta_2°Trimestre_2020,OBJECTID,-1,-1,210129_Depto_Vta_1°trimestre_2020,OBJECTID,-1,-1,200110_deptos_vta_3trimestre_v3,OBJECTID,-1,-1,deptos_vta_4°trimestre_2020_vFinal,OBJECTID,-1,-1;FechaPubli "FechaPubli" true true false 8 Date 0 0 ,First,#,210129_Depto_Vta_2°Trimestre_2020,FechaPubli,-1,-1;Numero "Numero" true true false 10 Long 0 10 ,First,#,210129_Depto_Vta_2°Trimestre_2020,Numero,-1,-1,210129_Depto_Vta_1°trimestre_2020,NUMERO,-1,-1,200110_deptos_vta_3trimestre_v3,NUMERO,-1,-1,deptos_vta_4°trimestre_2020_vFinal,NUMERO,-1,-1;Latitud "Latitud" true true false 19 Double 0 0 ,First,#,210129_Depto_Vta_2°Trimestre_2020,Latitud,-1,-1;Longitud "Longitud" true true false 19 Double 0 0 ,First,#,210129_Depto_Vta_2°Trimestre_2020,Longitud,-1,-1;PropiedadS "PropiedadS" true true false 19 Double 0 0 ,First,#,210129_Depto_Vta_2°Trimestre_2020,PropiedadS,-1,-1,210129_Depto_Vta_1°trimestre_2020,PropiedadS,-1,-1,200110_deptos_vta_3trimestre_v3,PropiedadS,-1,-1,deptos_vta_4°trimestre_2020_vFinal,PropiedadS,-1,-1;FID_2 "FID_2" true true false 10 Long 0 10 ,First,#,210129_Depto_Vta_2°Trimestre_2020,FID_2,-1,-1,210129_Depto_Vta_1°trimestre_2020,FID_2,-1,-1,200110_deptos_vta_3trimestre_v3,FID_2,-1,-1,deptos_vta_4°trimestre_2020_vFinal,FID_2,-1,-1;BARRIOS "BARRIOS" true true false 18 Text 0 0 ,First,#,210129_Depto_Vta_2°Trimestre_2020,BARRIOS,-1,-1,210129_Depto_Vta_1°trimestre_2020,BARRIOS,-1,-1,200110_deptos_vta_3trimestre_v3,BARRIOS,-1,-1,deptos_vta_4°trimestre_2020_vFinal,BARRIOS,-1,-1;COMUNA "COMUNA" true true false 10 Long 0 10 ,First,#,210129_Depto_Vta_2°Trimestre_2020,COMUNA,-1,-1,210129_Depto_Vta_1°trimestre_2020,COMUNA,-1,-1,200110_deptos_vta_3trimestre_v3,COMUNA,-1,-1,deptos_vta_4°trimestre_2020_vFinal,COMUNA,-1,-1;ZONA "ZONA" true true false 50 Text 0 0 ,First,#,210129_Depto_Vta_2°Trimestre_2020,ZONA,-1,-1,210129_Depto_Vta_1°trimestre_2020,ZONA,-1,-1,200110_deptos_vta_3trimestre_v3,ZONA,-1,-1,deptos_vta_4°trimestre_2020_vFinal,ZONA,-1,-1;ALICUOTA "ALICUOTA" true true false 19 Double 0 0 ,First,#,210129_Depto_Vta_2°Trimestre_2020,ALICUOTA,-1,-1,210129_Depto_Vta_1°trimestre_2020,ALICUOTA,-1,-1,200110_deptos_vta_3trimestre_v3,ALICUOTA,-1,-1,deptos_vta_4°trimestre_2020_vFinal,ALICUOTA,-1,-1;FID_3 "FID_3" true true false 10 Long 0 10 ,First,#,210129_Depto_Vta_2°Trimestre_2020,FID_3,-1,-1,210129_Depto_Vta_1°trimestre_2020,FID_3,-1,-1,200110_deptos_vta_3trimestre_v3,FID_3,-1,-1,deptos_vta_4°trimestre_2020_vFinal,FID_3,-1,-1;Shape_Leng "Shape_Leng" true true false 19 Double 0 0 ,First,#,210129_Depto_Vta_2°Trimestre_2020,Shape_Leng,-1,-1,210129_Depto_Vta_1°trimestre_2020,Shape_Leng,-1,-1,200110_deptos_vta_3trimestre_v3,Shape_Leng,-1,-1,deptos_vta_4°trimestre_2020_vFinal,Shape_Leng,-1,-1;Zona_1 "Zona_1" true true false 50 Text 0 0 ,First,#,210129_Depto_Vta_2°Trimestre_2020,Zona_1,-1,-1,210129_Depto_Vta_1°trimestre_2020,Zona_1,-1,-1,200110_deptos_vta_3trimestre_v3,Zona_1,-1,-1,deptos_vta_4°trimestre_2020_vFinal,Zona_1,-1,-1;Cotiz "Cotiz" true true false 19 Double 0 0 ,First,#,210129_Depto_Vta_2°Trimestre_2020,Cotiz,-1,-1,210129_Depto_Vta_1°trimestre_2020,Cotiz,-1,-1,200110_deptos_vta_3trimestre_v3,COTIZ,-1,-1,deptos_vta_4°trimestre_2020_vFinal,COTIZ,-1,-1;PrecioUsd "PrecioUsd" true true false 19 Double 0 0 ,First,#,210129_Depto_Vta_2°Trimestre_2020,PrecioUsd,-1,-1,210129_Depto_Vta_1°trimestre_2020,PrecioUsd,-1,-1,200110_deptos_vta_3trimestre_v3,PrecioUsd,-1,-1,deptos_vta_4°trimestre_2020_vFinal,PrecioUsd,-1,-1;PrecioPeso "PrecioPeso" true true false 19 Double 0 0 ,First,#,210129_Depto_Vta_2°Trimestre_2020,PrecioPeso,-1,-1,210129_Depto_Vta_1°trimestre_2020,PrecioPeso,-1,-1,200110_deptos_vta_3trimestre_v3,PrecioPeso,-1,-1,deptos_vta_4°trimestre_2020_vFinal,PrecioPeso,-1,-1;UsdPorM2 "UsdPorM2" true true false 19 Double 0 0 ,First,#,210129_Depto_Vta_2°Trimestre_2020,UsdPorM2,-1,-1,210129_Depto_Vta_1°trimestre_2020,UsdPorM2,-1,-1,200110_deptos_vta_3trimestre_v3,UsdPorM2,-1,-1,deptos_vta_4°trimestre_2020_vFinal,UsdPorM2,-1,-1;PesosPorM2 "PesosPorM2" true true false 19 Double 0 0 ,First,#,210129_Depto_Vta_2°Trimestre_2020,PesosPorM2,-1,-1,210129_Depto_Vta_1°trimestre_2020,PesosPorM2,-1,-1,200110_deptos_vta_3trimestre_v3,PesosPorM2,-1,-1,deptos_vta_4°trimestre_2020_vFinal,PesosPorM2,-1,-1;ANTIG "ANTIG" true true false 50 Text 0 0 ,First,#,210129_Depto_Vta_2°Trimestre_2020,ANTIG,-1,-1,210129_Depto_Vta_1°trimestre_2020,ANTIG,-1,-1,200110_deptos_vta_3trimestre_v3,ANTIG,-1,-1,deptos_vta_4°trimestre_2020_vFinal,ANTIG,-1,-1;Mes "Mes" true true false 254 Text 0 0 ,First,#,210129_Depto_Vta_2°Trimestre_2020,Mes,-1,-1;Calles "Calles" true true false 254 Text 0 0 ,First,#,210129_Depto_Vta_2°Trimestre_2020,Calles,-1,-1,210129_Depto_Vta_1°trimestre_2020,Calles,-1,-1,200110_deptos_vta_3trimestre_v3,Calles,-1,-1,deptos_vta_4°trimestre_2020_vFinal,Calles,-1,-1;AMBIENTES "AMBIENTES" true true false 19 Double 0 0 ,First,#,210129_Depto_Vta_2°Trimestre_2020,AMBIENTES,-1,-1,210129_Depto_Vta_1°trimestre_2020,AMBIENTES,-1,-1,200110_deptos_vta_3trimestre_v3,AMBIENTES,-1,-1,deptos_vta_4°trimestre_2020_vFinal,AMBIENTES,-1,-1;Piso "Piso" true true false 50 Text 0 0 ,First,#,210129_Depto_Vta_2°Trimestre_2020,Piso,-1,-1,210129_Depto_Vta_1°trimestre_2020,PISO,-1,-1,200110_deptos_vta_3trimestre_v3,PISO,-1,-1,deptos_vta_4°trimestre_2020_vFinal,PISO,-1,-1;DORMITORIO "DORMITORIO" true true false 50 Text 0 0 ,First,#,210129_Depto_Vta_2°Trimestre_2020,DORMITORIO,-1,-1,210129_Depto_Vta_1°trimestre_2020,DORMITORIO,-1,-1,200110_deptos_vta_3trimestre_v3,DORMITORIO,-1,-1,deptos_vta_4°trimestre_2020_vFinal,DORMITORIO,-1,-1;Trimestre "Trimestre" true true false 50 Text 0 0 ,First,#,210129_Depto_Vta_2°Trimestre_2020,Trimestre,-1,-1,210129_Depto_Vta_1°trimestre_2020,Trimestre,-1,-1,200110_deptos_vta_3trimestre_v3,Trimestre,-1,-1,deptos_vta_4°trimestre_2020_vFinal,Trimestre,-1,-1;FECHA "FECHA" true true false 8 Date 0 0 ,First,#,210129_Depto_Vta_1°trimestre_2020,FECHA,-1,-1,200110_deptos_vta_3trimestre_v3,FECHA,-1,-1,deptos_vta_4°trimestre_2020_vFinal,FECHA,-1,-1;A_ESTRENAR "A_ESTRENAR" true true false 2 Text 0 0 ,First,#,210129_Depto_Vta_1°trimestre_2020,A_ESTRENAR,-1,-1,200110_deptos_vta_3trimestre_v3,A_ESTRENAR,-1,-1,deptos_vta_4°trimestre_2020_vFinal,A_ESTRENAR,-1,-1;FRENTE_Y_C "FRENTE_Y_C" true true false 21 Text 0 0 ,First,#,210129_Depto_Vta_1°trimestre_2020,FRENTE_Y_C,-1,-1,200110_deptos_vta_3trimestre_v3,FRENTE_Y_C,-1,-1,deptos_vta_4°trimestre_2020_vFinal,FRENTE_Y_C,-1,-1;EDIFICACIO "EDIFICACIO" true true false 12 Text 0 0 ,First,#,210129_Depto_Vta_1°trimestre_2020,EDIFICACIO,-1,-1,200110_deptos_vta_3trimestre_v3,EDIFICACIO,-1,-1,deptos_vta_4°trimestre_2020_vFinal,EDIFICACIO,-1,-1;BAUL "BAUL" true true false 2 Text 0 0 ,First,#,210129_Depto_Vta_1°trimestre_2020,BAUL,-1,-1,200110_deptos_vta_3trimestre_v3,BAUL,-1,-1,deptos_vta_4°trimestre_2020_vFinal,BAUL,-1,-1;COCH "COCH" true true false 6 Text 0 0 ,First,#,210129_Depto_Vta_1°trimestre_2020,COCH,-1,-1,200110_deptos_vta_3trimestre_v3,COCH,-1,-1,deptos_vta_4°trimestre_2020_vFinal,COCH,-1,-1;BA_OS "BA_OS" true true false 10 Long 0 10 ,First,#,210129_Depto_Vta_1°trimestre_2020,BA_OS,-1,-1,200110_deptos_vta_3trimestre_v3,BA_OS,-1,-1,deptos_vta_4°trimestre_2020_vFinal,BA_OS,-1,-1;LAVADERO "LAVADERO" true true false 2 Text 0 0 ,First,#,210129_Depto_Vta_1°trimestre_2020,LAVADERO,-1,-1,200110_deptos_vta_3trimestre_v3,LAVADERO,-1,-1,deptos_vta_4°trimestre_2020_vFinal,LAVADERO,-1,-1;TERRAZA___ "TERRAZA___" true true false 14 Text 0 0 ,First,#,210129_Depto_Vta_1°trimestre_2020,TERRAZA___,-1,-1,200110_deptos_vta_3trimestre_v3,TERRAZA___,-1,-1,deptos_vta_4°trimestre_2020_vFinal,TERRAZA___,-1,-1;OBS1 "OBS1" true true false 32 Text 0 0 ,First,#,210129_Depto_Vta_1°trimestre_2020,OBS1,-1,-1,200110_deptos_vta_3trimestre_v3,OBS1,-1,-1,deptos_vta_4°trimestre_2020_vFinal,OBS1,-1,-1;Shape_Area "Shape_Area" true true false 19 Double 0 0 ,First,#,210129_Depto_Vta_1°trimestre_2020,Shape_Area,-1,-1,200110_deptos_vta_3trimestre_v3,Shape_Area,-1,-1,deptos_vta_4°trimestre_2020_vFinal,Shape_Area,-1,-1;LINK "LINK" true true false 108 Text 0 0 ,First,#,200110_deptos_vta_3trimestre_v3,LINK,-1,-1,deptos_vta_4°trimestre_2020_vFinal,LINK,-1,-1"</Process><Process ToolSource="c:\program files (x86)\arcgis\desktop10.5\ArcToolbox\Toolboxes\Data Management Tools.tbx\CalculateField" Date="20210129" Time="152321" Name="" export="">CalculateField c210129_Depto_Vta_2°Trimestr LINK "ARGENPROP" VB #</Process><Process ToolSource="c:\program files (x86)\arcgis\desktop10.3\ArcToolbox\Toolboxes\Data Management Tools.tbx\CalculateField" Date="20210518" Time="114010" Name="" export="">CalculateField 210129_Deptos_Vta_Anual_2020 Num_texto [Numero] VB #</Process><Process ToolSource="c:\program files (x86)\arcgis\desktop10.3\ArcToolbox\Toolboxes\Data Management Tools.tbx\CalculateField" Date="20210518" Time="114227" Name="" export="">CalculateField 210129_Deptos_Vta_Anual_2020 Direccion "[Calles] + " " + [Num_texto]" VB #</Process><Process ToolSource="c:\program files (x86)\arcgis\desktop10.3\ArcToolbox\Toolboxes\Data Management Tools.tbx\CalculateField" Date="20210518" Time="124307" Name="" export="">CalculateField 210129_Deptos_Vta_Anual_2020 FID_ [FID] VB #</Process><Process ToolSource="c:\program files (x86)\arcgis\desktop10.3\ArcToolbox\Toolboxes\Data Management Tools.tbx\CalculateField" Date="20210518" Time="124442" Name="" export="">CalculateField 210129_Deptos_Vta_Anual_2020 Shape_1 [Shape] VB #</Process><Process ToolSource="c:\program files (x86)\arcgis\desktop10.3\ArcToolbox\Toolboxes\Data Management Tools.tbx\CalculateField" Date="20210518" Time="125220" Name="" export="">CalculateField 210129_Deptos_Vta_Anual_2020 Propieda_1 [PropiedadS] VB #</Process><Process ToolSource="c:\program files (x86)\arcgis\desktop10.3\ArcToolbox\Toolboxes\Data Management Tools.tbx\CalculateField" Date="20210518" Time="125527" Name="" export="">CalculateField 210129_Deptos_Vta_Anual_2020 PropiedadS [Propieda_1] VB #</Process><Process ToolSource="c:\program files (x86)\arcgis\desktop10.3\ArcToolbox\Toolboxes\Data Management Tools.tbx\CalculateField" Date="20210518" Time="125807" Name="" export="">CalculateField 210129_Deptos_Vta_Anual_2020 Dolares [PrecioUsd] VB #</Process><Process ToolSource="c:\program files (x86)\arcgis\desktop10.3\ArcToolbox\Toolboxes\Data Management Tools.tbx\CalculateField" Date="20210518" Time="130010" Name="" export="">CalculateField 210129_Deptos_Vta_Anual_2020 Pesos [PrecioPeso] VB #</Process><Process ToolSource="c:\program files (x86)\arcgis\desktop10.3\ArcToolbox\Toolboxes\Data Management Tools.tbx\CalculateField" Date="20210518" Time="130153" Name="" export="">CalculateField 210129_Deptos_Vta_Anual_2020 DolaresM2 [UsdPorM2] VB #</Process><Process ToolSource="c:\program files (x86)\arcgis\desktop10.3\ArcToolbox\Toolboxes\Data Management Tools.tbx\CalculateField" Date="20210518" Time="130730" Name="" export="">CalculateField 210129_Deptos_Vta_Anual_2020 PesosM2 [PesosPorM2] VB #</Process><Process ToolSource="c:\program files (x86)\arcgis\desktop10.3\ArcToolbox\Toolboxes\Data Management Tools.tbx\CalculateField" Date="20210518" Time="130925" Name="" export="">CalculateField 210129_Deptos_Vta_Anual_2020 Antiguedad [AMBIENTES] VB #</Process><Process ToolSource="c:\program files (x86)\arcgis\desktop10.3\ArcToolbox\Toolboxes\Data Management Tools.tbx\CalculateField" Date="20210518" Time="131022" Name="" export="">CalculateField 210129_Deptos_Vta_Anual_2020 Antiguedad [ANTIG] VB #</Process><Process ToolSource="c:\program files (x86)\arcgis\desktop10.3\ArcToolbox\Toolboxes\Data Management Tools.tbx\CalculateField" Date="20210518" Time="131158" Name="" export="">CalculateField 210129_Deptos_Vta_Anual_2020 Ambientes1 [AMBIENTES] VB #</Process><Process ToolSource="c:\program files (x86)\arcgis\desktop10.3\ArcToolbox\Toolboxes\Data Management Tools.tbx\CalculateField" Date="20210518" Time="131403" Name="" export="">CalculateField 210129_Deptos_Vta_Anual_2020 Ambientes [Ambientes1] VB #</Process><Process ToolSource="c:\program files (x86)\arcgis\desktop10.3\ArcToolbox\Toolboxes\Data Management Tools.tbx\CalculateField" Date="20210518" Time="131544" Name="" export="">CalculateField 210129_Deptos_Vta_Anual_2020 Cotizacion [Cotizacion] VB #</Process><Process ToolSource="c:\program files (x86)\arcgis\desktop10.3\ArcToolbox\Toolboxes\Data Management Tools.tbx\CalculateField" Date="20210518" Time="131650" Name="" export="">CalculateField 210129_Deptos_Vta_Anual_2020 Cotizacion [Cotiz] VB #</Process><Process ToolSource="c:\program files (x86)\arcgis\desktop10.3\ArcToolbox\Toolboxes\Data Management Tools.tbx\CalculateField" Date="20210518" Time="131840" Name="" export="">CalculateField 210129_Deptos_Vta_Anual_2020 Trimestre1 [Trimestre] VB #</Process><Process ToolSource="c:\program files (x86)\arcgis\desktop10.3\ArcToolbox\Toolboxes\Data Management Tools.tbx\CalculateField" Date="20210518" Time="132002" Name="" export="">CalculateField 210129_Deptos_Vta_Anual_2020 Trimestre [Trimestre1] VB #</Process><Process ToolSource="c:\program files (x86)\arcgis\desktop10.3\ArcToolbox\Toolboxes\Data Management Tools.tbx\CalculateField" Date="20210518" Time="132123" Name="" export="">CalculateField 210129_Deptos_Vta_Anual_2020 Barrio [BARRIOS] VB #</Process><Process ToolSource="c:\program files (x86)\arcgis\desktop10.3\ArcToolbox\Toolboxes\Data Management Tools.tbx\CalculateField" Date="20210518" Time="132259" Name="" export="">CalculateField 210129_Deptos_Vta_Anual_2020 Comunas [COMUNA] VB #</Process><Process ToolSource="c:\program files (x86)\arcgis\desktop10.3\ArcToolbox\Toolboxes\Data Management Tools.tbx\CalculateField" Date="20210520" Time="130916">CalculateField 210129_Deptos_Vta_Anual_2020 Cotizacion 61 VB #</Process><Process ToolSource="c:\program files (x86)\arcgis\desktop10.3\ArcToolbox\Toolboxes\Data Management Tools.tbx\CalculateField" Date="20210520" Time="130930">CalculateField 210129_Deptos_Vta_Anual_2020 Pesos "61 * [Dolares]" VB #</Process><Process ToolSource="c:\program files (x86)\arcgis\desktop10.3\ArcToolbox\Toolboxes\Data Management Tools.tbx\CalculateField" Date="20210520" Time="130945">CalculateField 210129_Deptos_Vta_Anual_2020 PesosM2 "61 * [DolaresM2]" VB #</Process></lineage><itemProps><itemName Sync="TRUE">210129_Deptos_Vta_Anual_2020</itemName><imsContentType Sync="TRUE" export="False">002</imsContentType><itemLocation><linkage Sync="TRUE">file://\\MDU01-DGDRAD31\C$\Users\20344807257\Desktop\Pedidos puntuales\210517_Bases DataBA\Revisión Para Entrega 210518\210129_Deptos_Vta_Anual_2020.shp</linkage><protocol Sync="TRUE">Local Area Network</protocol></itemLocation><nativeExtBox><westBL Sync="TRUE">93840.346000</westBL><eastBL Sync="TRUE">110066.938600</eastBL><southBL Sync="TRUE">92709.600000</southBL><northBL Sync="TRUE">110363.570300</northBL><exTypeCode Sync="TRUE">1</exTypeCode></nativeExtBox><itemSize Sync="TRUE">4.177</itemSize></itemProps><coordRef><type Sync="TRUE">Projected</type><geogcsn Sync="TRUE">GCS_Campo_Inchauspe</geogcsn><csUnits Sync="TRUE">Linear Unit: Meter (1.000000)</csUnits><projcsn Sync="TRUE">Argentina_GKBsAs</projcsn><peXml Sync="TRUE">&lt;ProjectedCoordinateSystem xsi:type='typens:ProjectedCoordinateSystem' xmlns:xsi='http://www.w3.org/2001/XMLSchema-instance' xmlns:xs='http://www.w3.org/2001/XMLSchema' xmlns:typens='http://www.esri.com/schemas/ArcGIS/10.3'&gt;&lt;WKT&gt;PROJCS[&amp;quot;Argentina_GKBsAs&amp;quot;,GEOGCS[&amp;quot;GCS_Campo_Inchauspe&amp;quot;,DATUM[&amp;quot;D_Campo_Inchauspe&amp;quot;,SPHEROID[&amp;quot;International_1924&amp;quot;,6378388.0,297.0]],PRIMEM[&amp;quot;Greenwich&amp;quot;,0.0],UNIT[&amp;quot;Degree&amp;quot;,0.0174532925199433]],PROJECTION[&amp;quot;Transverse_Mercator&amp;quot;],PARAMETER[&amp;quot;False_Easting&amp;quot;,100000.0],PARAMETER[&amp;quot;False_Northing&amp;quot;,100000.0],PARAMETER[&amp;quot;Central_Meridian&amp;quot;,-58.4627],PARAMETER[&amp;quot;Scale_Factor&amp;quot;,0.999998],PARAMETER[&amp;quot;Latitude_Of_Origin&amp;quot;,-34.6297166],UNIT[&amp;quot;Meter&amp;quot;,1.0]]&lt;/WKT&gt;&lt;XOrigin&gt;-5523400&lt;/XOrigin&gt;&lt;YOrigin&gt;-6068900&lt;/YOrigin&gt;&lt;XYScale&gt;450249651.57241428&lt;/XYScale&gt;&lt;ZOrigin&gt;-100000&lt;/ZOrigin&gt;&lt;ZScale&gt;10000&lt;/ZScale&gt;&lt;MOrigin&gt;-100000&lt;/MOrigin&gt;&lt;MScale&gt;10000&lt;/MScale&gt;&lt;XYTolerance&gt;0.001&lt;/XYTolerance&gt;&lt;ZTolerance&gt;0.001&lt;/ZTolerance&gt;&lt;MTolerance&gt;0.001&lt;/MTolerance&gt;&lt;HighPrecision&gt;true&lt;/HighPrecision&gt;&lt;/ProjectedCoordinateSystem&gt;</peXml></coordRef></DataProperties><SyncDate>20210520</SyncDate><SyncTime>12390200</SyncTime><ModDate>20210520</ModDate><ModTime>13043500</ModTime><scaleRange><minScale>150000000</minScale><maxScale>5000</maxScale></scaleRange><ArcGISProfile>NAP</ArcGISProfile></Esri><dataIdInfo><envirDesc Sync="TRUE"> Version 6.2 (Build 9200) ; Esri ArcGIS 10.3.0.4322</envirDesc><dataLang><languageCode value="spa" Sync="TRUE"/><countryCode value="ARG" Sync="TRUE"/></dataLang><idCitation xmlns=""><resTitle Sync="TRUE">210129_Deptos_Vta_Anual_2020</resTitle><presForm xmlns=""><PresFormCd value="005" Sync="TRUE"/></presForm><date><createDate>2021-05-18T00:00:00</createDate><pubDate>2021-05-18T00:00:00</pubDate><reviseDate>2021-05-18T00:00:00</reviseDate></date><citRespParty xmlns=""><rpIndName>Guillermo Raddavero </rpIndName><rpOrgName>Dirección General de Datos, Estadísticas y Proyección Urbana, Secretaría de Planeamiento, Ministerio de Desarrollo Urbano y Transporte, Gobierno de la Ciudad de Buenos Aires. </rpOrgName><rpPosName>Director de la Dirección General de Datos, Estadísticas y Proyección Urbana.</rpPosName><role><RoleCd value="007"/></role></citRespParty></idCitation><spatRpType><SpatRepTypCd value="001" Sync="TRUE"/></spatRpType><dataExt xmlns=""><geoEle xmlns=""><GeoBndBox esriExtentType="search"><exTypeCode Sync="TRUE">1</exTypeCode><westBL Sync="TRUE">-58.529924</westBL><eastBL Sync="TRUE">-58.352834</eastBL><northBL Sync="TRUE">-34.536248</northBL><southBL Sync="TRUE">-34.695433</southBL></GeoBndBox></geoEle></dataExt><idAbs>&lt;DIV STYLE="text-align:Left;"&gt;&lt;DIV&gt;&lt;DIV&gt;&lt;P STYLE="margin:0 0 667 0;"&gt;&lt;SPAN&gt;En el presente shape se encuentran las ofertas de departamentos en venta en el año 20&lt;/SPAN&gt;&lt;SPAN&gt;20&lt;/SPAN&gt;&lt;SPAN&gt;dentro de la Ciudad Autónoma de Buenos Aires. Las mismas se encuentran ubicadas por la dirección y altura de las calles. En la tabla, se puede observar la antigüedad, los m2 totales, m2 cubiertos, cantidad de ambientes, baños, dirección con altura por la cual fue georreferenciado, y el barrio donde se ubica la oferta&lt;/SPAN&gt;&lt;/P&gt;&lt;P&gt;&lt;SPAN /&gt;&lt;/P&gt;&lt;/DIV&gt;&lt;/DIV&gt;&lt;/DIV&gt;</idAbs><dataChar><CharSetCd value="004"/></dataChar><tpCat><TopicCatCd value="013"/></tpCat><tpCat><TopicCatCd value="015"/></tpCat><tpCat><TopicCatCd value="017"/></tpCat></dataIdInfo><mdLang><languageCode value="spa" Sync="TRUE"/><countryCode value="ARG" Sync="TRUE"/></mdLang><distInfo xmlns=""><distFormat xmlns=""><formatName Sync="TRUE">Shapefile</formatName><formatVer>NIL REASON MISSING</formatVer></distFormat><distTranOps xmlns=""><transSize Sync="TRUE">4.177</transSize></distTranOps></distInfo><mdHrLv><ScopeCd value="005" Sync="TRUE"/></mdHrLv><mdHrLvName Sync="TRUE">dataset</mdHrLvName><refSysInfo><RefSystem dimension="temporal"><refSysID xmlns=""><identCode code="0" Sync="TRUE"/></refSysID></RefSystem></refSysInfo><spatRepInfo><VectSpatRep><geometObjs Name="210129_Deptos_Vta_Anual_2020"><geoObjTyp><GeoObjTypCd value="004" Sync="TRUE"/></geoObjTyp><geoObjCnt Sync="TRUE">156437</geoObjCnt></geometObjs><topLvl><TopoLevCd value="001" Sync="TRUE"/></topLvl></VectSpatRep></spatRepInfo><spdoinfo><ptvctinf><esriterm Name="210129_Deptos_Vta_Anual_2020"><efeatyp Sync="TRUE">Simple</efeatyp><efeageom code="1" Sync="TRUE"/><esritopo Sync="TRUE">FALSE</esritopo><efeacnt Sync="TRUE">156437</efeacnt><spindex Sync="TRUE">FALSE</spindex><linrefer Sync="TRUE">FALSE</linrefer></esriterm></ptvctinf></spdoinfo><eainfo><detailed Name="210129_Deptos_Vta_Anual_2020" xmlns=""><enttyp><enttypl Sync="TRUE">210129_Deptos_Vta_Anual_2020</enttypl><enttypt Sync="TRUE">Feature Class</enttypt><enttypc Sync="TRUE">156437</enttypc><enttypd>Departamentos en venta en el año 2020</enttypd></enttyp><attr xmlns=""><attrlabl Sync="TRUE">FID</attrlabl><attalias Sync="TRUE">FID</attalias><attrtype Sync="TRUE">OID</attrtype><attwidth Sync="TRUE">4</attwidth><atprecis Sync="TRUE">0</atprecis><attscale Sync="TRUE">0</attscale><attrdef Sync="TRUE">Internal feature number.</attrdef><attrdefs Sync="TRUE">Esri</attrdefs><attrdomv><udom Sync="TRUE">Sequential unique whole numbers that are automatically generated.</udom></attrdomv></attr><attr xmlns=""><attrlabl Sync="TRUE">Shape</attrlabl><attalias Sync="TRUE">Shape</attalias><attrtype Sync="TRUE">Geometry</attrtype><attwidth Sync="TRUE">0</attwidth><atprecis Sync="TRUE">0</atprecis><attscale Sync="TRUE">0</attscale><attrdef Sync="TRUE">Feature geometry.</attrdef><attrdefs Sync="TRUE">Esri</attrdefs><attrdomv><udom Sync="TRUE">Coordinates defining the features.</udom></attrdomv><attrmfrq>008</attrmfrq><begdatea>20200101</begdatea><enddatea>20201231</enddatea></attr><attr xmlns=""><attrlabl Sync="TRUE">Direccion</attrlabl><attalias Sync="TRUE">Direccion</attalias><attrtype Sync="TRUE">String</attrtype><attwidth Sync="TRUE">50</attwidth><atprecis Sync="TRUE">0</atprecis><attscale Sync="TRUE">0</attscale><attrdef>Dirección del registro que figura en la oferta</attrdef></attr><attr xmlns=""><attrlabl Sync="TRUE">PropiedadS</attrlabl><attalias Sync="TRUE">PropiedadS</attalias><attrtype Sync="TRUE">Integer</attrtype><attwidth Sync="TRUE">10</attwidth><atprecis Sync="TRUE">10</atprecis><attscale Sync="TRUE">0</attscale><attrdef>Superficie en metros cuadrados que figura en la oferta</attrdef></attr><attr xmlns=""><attrlabl Sync="TRUE">Dolares</attrlabl><attalias Sync="TRUE">Dolares</attalias><attrtype Sync="TRUE">Integer</attrtype><attwidth Sync="TRUE">10</attwidth><atprecis Sync="TRUE">10</atprecis><attscale Sync="TRUE">0</attscale><attrdef>Indica el precio total del departamento en dólares</attrdef></attr><attr xmlns=""><attrlabl Sync="TRUE">Pesos</attrlabl><attalias Sync="TRUE">Pesos</attalias><attrtype Sync="TRUE">Integer</attrtype><attwidth Sync="TRUE">10</attwidth><atprecis Sync="TRUE">10</atprecis><attscale Sync="TRUE">0</attscale><attrdef>Indica el precio total del departamento en pesos argentinos</attrdef></attr><attr xmlns=""><attrlabl Sync="TRUE">DolaresM2</attrlabl><attalias Sync="TRUE">DolaresM2</attalias><attrtype Sync="TRUE">Integer</attrtype><attwidth Sync="TRUE">10</attwidth><atprecis Sync="TRUE">10</atprecis><attscale Sync="TRUE">0</attscale><attrdef>Indica el precio del M² en dólares</attrdef></attr><attr xmlns=""><attrlabl Sync="TRUE">PesosM2</attrlabl><attalias Sync="TRUE">PesosM2</attalias><attrtype Sync="TRUE">Integer</attrtype><attwidth Sync="TRUE">10</attwidth><atprecis Sync="TRUE">10</atprecis><attscale Sync="TRUE">0</attscale><attrdef>Indica el precio del M² en pesos argentinos</attrdef></attr><attr xmlns=""><attrlabl Sync="TRUE">Antiguedad</attrlabl><attalias Sync="TRUE">Antiguedad</attalias><attrtype Sync="TRUE">Integer</attrtype><attwidth Sync="TRUE">10</attwidth><atprecis Sync="TRUE">10</atprecis><attscale Sync="TRUE">0</attscale><attrdef>Indica  antigüedad del departamento y los que son a estrenar</attrdef></attr><attr xmlns=""><attrlabl Sync="TRUE">AMBIENTES</attrlabl><attalias Sync="TRUE">Ambientes</attalias><attrtype Sync="TRUE">Integer</attrtype><attwidth Sync="TRUE">10</attwidth><atprecis Sync="TRUE">10</atprecis><attscale Sync="TRUE">0</attscale><attrdef>Indica la cantidad de ambientes que tiene el departamento</attrdef></attr><attr xmlns=""><attrlabl Sync="TRUE">Cotizacion</attrlabl><attalias Sync="TRUE">Cotizacion</attalias><attrtype Sync="TRUE">Integer</attrtype><attwidth Sync="TRUE">10</attwidth><atprecis Sync="TRUE">10</atprecis><attscale Sync="TRUE">0</attscale><attrdef>Refiere al tipo de cotización del dólar al momento de la recopilación de los datos.</attrdef></attr><attr xmlns=""><attrlabl Sync="TRUE">Trimestre</attrlabl><attalias Sync="TRUE">Trimestre</attalias><attrtype Sync="TRUE">String</attrtype><attwidth Sync="TRUE">50</attwidth><atprecis Sync="TRUE">0</atprecis><attscale Sync="TRUE">0</attscale><attrdef>Indica en que trimestre del año la propiedad fue extraída de la base de datos.</attrdef></attr><attr xmlns=""><attrlabl Sync="TRUE">Barrio</attrlabl><attalias Sync="TRUE">Barrio</attalias><attrtype Sync="TRUE">String</attrtype><attwidth Sync="TRUE">50</attwidth><atprecis Sync="TRUE">0</atprecis><attscale Sync="TRUE">0</attscale><attrdef>Corresponde al barrio donde se localiza el departamento</attrdef></attr><attr xmlns=""><attrlabl Sync="TRUE">Comunas</attrlabl><attalias Sync="TRUE">Comunas</attalias><attrtype Sync="TRUE">Integer</attrtype><attwidth Sync="TRUE">10</attwidth><atprecis Sync="TRUE">10</atprecis><attscale Sync="TRUE">0</attscale><attrdef>Se refiere a la comuna donde se localiza el departamento en venta</attrdef></attr></detailed></eainfo><mdDateSt Sync="TRUE">20210520</mdDateSt><mdChar><CharSetCd value="004" Sync="TRUE"/></mdChar><mdFileID>25DCCE09-166B-4C4B-96C2-B165AE074476</mdFileID><mdContact xmlns=""><rpIndName>Octavio Otero Sanchez </rpIndName><rpOrgName>Dirección General de Datos, Estadísticas y Proyección Urbana</rpOrgName><rpPosName>Analista </rpPosName><role><RoleCd value="006"/></role><rpCntInfo xmlns=""><cntAddress addressType="postal"><delPoint>Av. Martin García 346, 4° piso </delPoint><eMailAdd>octaviosanchez@buenosaires.gob.ar</eMailAdd><country>AR</country></cntAddress></rpCntInfo></mdContact><mdConst><LegConsts xmlns=""><accessConsts><RestrictCd value="002"/></accessConsts></LegConsts></mdConst><dqInfo xmlns=""><dataLineage><statement>El presente shape se creó a partir de un relevamiento de departamentos en venta en la Ciudad Autónoma de Buenos Aires, y corresponden a todo el 2020. Los datos de las ofertas sacadas de la página Zonaprop de inmuebles, se pasan a un Excel donde están los datos más relevantes a completar.  Las columnas de la tabla de Excel más importantes son: m2 del departamento, cubiertos y totales, cantidad de ambientes, cantidad de baños, antigüedad del inmueble, el precio en dólares, precio en pesos, barrio, calle y número.
Dentro de las ofertas de la página, podemos obtener fácilmente los datos a conseguir, en el caso de los m2 cubiertos y totales, la misma oferta lo da por separado.
La georreferenciación se llevará a cabo mediante la columna llamada Dirección que contiene la calle y altura del departamento en oferta.
Mediante un archivo de base de datos (Excel), se crea el shape con información sobre ofertas de departamentos en venta en el año 2020. Dicha información es obtenida mediante diferentes relevamientos propios, tanto de páginas web como ofertas en campo, para su georreferenciación y posterior análisis.
Como resultado de dicha georreferenciación se obtiene un archivo en formato shape, el mismo consiste en una base de datos georreferenciados por Dirección, entre los más importantes se encuentran, Superficie cubierta (m²), Ambientes, Antiguedad, USD, USD/m², Mes, Barrio y Comuna.
</statement></dataLineage><dqScope><scpLvl><ScopeCd value="006"/></scpLvl></dqScope></dqInfo></metadata>
